model,trait,best_alpha,best_l1_ratio,cv_r2,train_r2,train_mse,test_r2,test_mse,num_selected
bigram,feminine,0.05,0.5,0.33837359354665414,0.552922783841012,0.2466356155172983,0.22252898556319434,0.24549909900252892,113
bigram,evil,0.1,0.1,0.20821207468276795,0.5344275913662353,0.05641958710832298,0.006955587612077041,0.1190348210542715,171
bigram,trustworthy,0.1,0.1,0.33734543997440924,0.5845682453263736,0.04714744616187744,-0.019834579821054854,0.1318145114376838,162
bigram,smart,0.1,0.1,0.25461837339673526,0.5408285423408656,0.04999633548581134,0.07302059999364441,0.11549730800542825,162
