model,trait,best_alpha,best_l1_ratio,cv_r2,train_r2,train_mse,test_r2,test_mse,num_selected
combined,feminine,0.05,0.5,0.40183266073986224,0.6278820838768356,0.20528340065402353,0.27191314802595834,0.22990524770199466,149
combined,evil,0.1,0.1,0.3129326758366078,0.6339611523215469,0.04435778467248053,0.16009039060228858,0.10067877006226389,209
combined,trustworthy,0.05,0.1,0.40140022074307213,0.8105059255056304,0.02150572645135658,-0.03265839407933013,0.13347200064688358,310
combined,smart,0.1,0.1,0.31277744015160824,0.6164420159619144,0.041763252763993126,0.07902985381300487,0.11474858301838678,211
