model,trait,best_alpha,best_l1_ratio,cv_r2,train_r2,train_mse,test_r2,test_mse,num_selected
combined,feminine,0.05,0.5,0.4018435726081481,0.6278822497864989,0.20528330912792817,0.27191334033054126,0.22990518697869955,149
combined,evil,0.1,0.1,0.3129297834777308,0.6339595727584869,0.044357976089098014,0.1601061847415921,0.10067687684125358,209
combined,trustworthy,0.05,0.1,0.4013954288666005,0.810505561966316,0.021505767709517665,-0.03265617409236787,0.13347171371162697,310
combined,smart,0.1,0.1,0.31277389120599536,0.6164432616442728,0.04176311712935805,0.07902349583483026,0.11474937519280136,211
