model,trait,best_alpha,best_l1_ratio,cv_r2,train_r2,train_mse,test_r2,test_mse,num_selected
robbert,feminine,0.5,0.1,0.11655619157608417,0.5324928451895724,0.14424266317150095,-0.04284974669131958,0.24035479932449394,70
robbert,evil,0.1,0.3,0.1412481813674462,0.554797325188721,0.03956078345074483,0.13212711573449787,0.11311666981511782,44
robbert,trustworthy,0.1,0.3,0.2253938010953976,0.6443951969630843,0.04972936406598031,0.018648703707513592,0.11149208256496031,49
robbert,smart,0.1,0.7,-0.022473448977536538,0.10363581767810448,0.1030827456449193,0.04662851190871453,0.0968090604014239,8
