model,trait,best_alpha,best_l1_ratio,cv_r2,train_r2,train_mse,test_r2,test_mse,num_selected
combined,feminine,0.5,0.1,0.2746994717629961,0.6618035448949958,0.10434569152056683,0.3109715382398416,0.15880648020548266,78
combined,evil,0.1,0.3,0.14149593545193886,0.6240026938207976,0.03341118292724594,0.11391895177761868,0.11548988242216103,52
combined,trustworthy,0.05,0.9,0.23068915907386883,0.5884838738328064,0.05754825323623603,0.1656158595596796,0.09479502990246154,41
combined,smart,0.1,0.9,-0.03794462156053653,0.02460842110137762,0.112170972485038,-0.001182674704469866,0.1016639948215482,3
