model,trait,best_alpha,best_l1_ratio,cv_r2,train_r2,train_mse,test_r2,test_mse,num_selected
combined,feminine,0.5,0.1,0.27468769109408975,0.6618024967824733,0.10434601490073332,0.3109637278345099,0.15880828033863906,78
combined,evil,0.1,0.3,0.1414550489027832,0.6240068733944895,0.03341081152963516,0.11391790400612822,0.11549001898642507,52
combined,trustworthy,0.05,0.9,0.23069294131513346,0.5884838822872489,0.057548252053929036,0.16561755312291504,0.09479483749542769,41
combined,smart,0.1,0.9,-0.0379445159500658,0.024608422697755206,0.11217097230145304,-0.001182672547514807,0.10166399460252258,3
