feature,coefficient,abs_imp
dim_84,0.012487017993447222,0.012487017993447222
gn,-0.0012618319112986537,0.0012618319112986537
dim_185,-0.0009764991972772008,0.0009764991972772008
