combined,coefficient,abs_imp
dim_590,0.012487017023949824,0.012487017023949824
dim_179,-0.0012618330994134835,0.0012618330994134835
dim_691,-0.0009765000250645294,0.0009765000250645294
