model,trait,best_alpha,best_l1_ratio,cv_r2,train_r2,train_mse,test_r2,test_mse,num_selected
robbert,feminine,0.1,0.1,0.23363874186331895,0.5615380194175349,0.2418829154188736,0.04756927897390284,0.30074546771832256,224
robbert,evil,0.1,0.1,0.24610559608809884,0.43527142774212724,0.06843565530131204,0.22263295954534512,0.0931818812932015,123
robbert,trustworthy,0.05,0.1,0.3723770255956917,0.6277597048032011,0.04224563741127662,0.14174884602232518,0.11092971231888007,207
robbert,smart,0.05,0.1,0.23402607128025182,0.565281232137727,0.047333833576727276,-0.011274333809758508,0.12600006344176487,198
