model,trait,best_alpha,best_l1_ratio,cv_r2,train_r2,train_mse,test_r2,test_mse,num_selected
unigram,feminine,0.01,0.7,0.15301045595099955,0.21506845158871912,0.43301709097275437,0.26409514940730705,0.2323739077307833,25
unigram,evil,0.01,0.1,0.1825141921194736,0.23167337410162792,0.09310833329819733,0.1940605443934872,0.09660681605166944,27
unigram,trustworthy,0.01,0.1,0.23536850620263286,0.2716272469060401,0.08266319263257813,0.25079412081933017,0.09683551517518518,26
unigram,smart,0.01,0.3,0.16005790157192537,0.21501714472277378,0.08547192019105143,0.2085108782709868,0.09861585152232615,25
