model,trait,best_alpha,best_l1_ratio,cv_r2,train_r2,train_mse,test_r2,test_mse,num_selected
unigram,feminine,0.1,0.1,0.3423238608787059,0.5475746743377544,0.13958937994482287,0.2922046558120426,0.16313184948729076,23
unigram,evil,0.05,0.1,0.2659608089728958,0.4696956643554525,0.0471229311331477,0.14521632241421079,0.11141065099948909,23
unigram,trustworthy,0.05,0.3,0.3168598368583674,0.4702519383015076,0.07408233521726909,0.12048807609046286,0.09992203241372534,19
unigram,smart,0.1,0.1,-0.01706458552631036,0.31322023619886097,0.07898033533937789,0.27572564100812946,0.07354564410901798,22
