model,trait,best_alpha,best_l1_ratio,cv_r2,train_r2,train_mse,test_r2,test_mse,num_selected
robbert,feminine,0.5,0.1,0.0991171090548473,0.27435806451234246,0.5223547166085004,0.15607462667607708,0.26648314204546614,72
robbert,evil,0.05,0.7,0.11120712236709088,0.21670503050340373,0.11460909805408218,0.07898166432834774,0.11040115769922983,24
robbert,trustworthy,0.05,0.7,0.014186103310088538,0.07945218054280867,0.08993903945441317,0.006353376492447493,0.1284296951789319,9
robbert,smart,0.1,0.3,0.004114675949575574,0.11218052035781234,0.10210081124171888,0.01795491975066188,0.12235823483024073,23
