feature,coefficient,abs_importance
dim_184,0.02124714588187187,0.02124714588187187
dim_699,0.011492517579518644,0.011492517579518644
dim_349,-0.011302382729393502,0.011302382729393502
dim_762,0.009558342143148237,0.009558342143148237
dim_462,-0.008876348562885408,0.008876348562885408
dim_452,-0.008314238554334389,0.008314238554334389
dim_288,0.006322936076709639,0.006322936076709639
dim_578,-0.004983704892904631,0.004983704892904631
dim_541,-0.0038094157329472906,0.0038094157329472906
