model,trait,best_alpha,best_l1_ratio,cv_r2,train_r2,train_mse,test_r2,test_mse,num_selected
unigram,feminine,0.1,0.1,0.06365354609462362,0.1628528947543647,0.6026219234784677,0.21238384845005642,0.24870259080387494,25
unigram,evil,0.05,0.1,0.09136521340031559,0.17172495573273927,0.12119043203505245,0.18539343586313117,0.09764573002177883,24
unigram,trustworthy,0.05,0.1,0.05092802832189776,0.14125742185164003,0.08390056549458973,0.17220440793734737,0.10699330430348096,22
unigram,smart,0.1,0.1,0.05031509296486607,0.14850699272907408,0.09792320263579991,0.15550744492981705,0.1052198320055044,18
