model,trait,best_alpha,best_l1_ratio,cv_r2,train_r2,train_mse,test_r2,test_mse,num_selected
bigram,feminine,0.1,0.7,0.1922508370725176,0.4277340418642669,0.17656449745108302,0.1866723305007224,0.18745481734812258,25
bigram,evil,0.1,0.9,-0.02253212630230328,0.0,0.08886016569310734,-0.01678457126680266,0.13252549619456397,0
bigram,trustworthy,0.5,0.3,-0.04005830802984409,0.0,0.13984446678246318,-0.05915587034574932,0.1203315206204765,0
bigram,smart,0.5,0.3,-0.04447179339181177,0.0,0.11500096465021514,-0.0026849837257443276,0.10181654514070379,0
