model,trait,best_alpha,best_l1_ratio,cv_r2,train_r2,train_mse,test_r2,test_mse,num_selected
bigram,feminine,0.1,0.9,0.200915770797557,0.27737493251723844,0.6011110183726597,0.2777176898330532,0.21279015143449842,16
bigram,evil,0.05,0.7,0.04441937328310068,0.20668391049608548,0.12936280566808225,-0.03310827545144157,0.10293867020677329,27
bigram,trustworthy,0.05,0.9,0.005491713383780983,0.04299914767698576,0.08342620972060763,-0.011972211101872743,0.13615699903448392,3
bigram,smart,0.05,0.7,-0.004178086438525885,0.14031740663556747,0.1023662540837335,-0.05108662015045584,0.11739357275244615,21
