feature,coefficient,abs_importance
ie,0.018696436132253552,0.018696436132253552
lf,-0.012648522961377216,0.012648522961377216
li,0.004004505151710156,0.004004505151710156
