model,trait,best_alpha,best_l1_ratio,cv_r2,train_r2,train_mse,test_r2,test_mse,num_selected
bigram,feminine,0.1,0.5,0.2199401281479406,0.3897599754633787,0.4392824332372298,0.2433942219692672,0.23891056175413222,53
bigram,evil,0.05,0.9,0.01744560408361311,0.07995405578288972,0.13461804293573676,0.024421123994032845,0.11694125205382398,7
bigram,trustworthy,0.05,0.9,-0.002843076378553988,0.01621423873989547,0.09611749061426908,-0.006616551391307679,0.13010606970202285,4
bigram,smart,0.05,0.9,-0.01287727335289055,0.01212812527272189,0.11360701372894272,0.0008940733652698096,0.1244839366848811,4
