feature,coefficient,abs_importance
e>,-0.03295822874501673,0.03295822874501673
lf,0.02841213982793275,0.02841213982793275
<l,-0.022442983325017877,0.022442983325017877
<e,-0.010924743463022663,0.010924743463022663
sc,0.003521671968381453,0.003521671968381453
ch,0.0017303844659821736,0.0017303844659821736
kw,0.00046921015855698055,0.00046921015855698055
