bigram,coefficient,abs_importance
e>,0.005561083399875067,0.005561083399875067
kw,-0.0045865964731166215,0.0045865964731166215
ie,0.004038775156901246,0.004038775156901246
ib,-0.0003710026392262356,0.0003710026392262356
