bigram,coefficient,abs_importance
ie,0.007082495642895236,0.007082495642895236
lf,-0.006785157168224038,0.006785157168224038
dc,-0.0013507030737915625,0.0013507030737915625
pc,-0.001209937678519901,0.001209937678519901
