model,trait,best_alpha,best_l1_ratio,cv_r2,train_r2,train_mse,test_r2,test_mse,num_selected
combined,feminine,0.1,0.9,0.215587015547443,0.36125488288503405,0.5313360207210088,0.3006211041194503,0.20604262221252012,31
combined,evil,0.05,0.5,0.13694964398808912,0.4698944038982159,0.0864421484946318,0.019109690243569344,0.09773568415267504,82
combined,trustworthy,0.1,0.3,0.03386503686540041,0.2119190080780583,0.0687006808293971,-0.004288771866364227,0.13512322160750145,37
combined,smart,0.05,0.9,0.025885151871454615,0.11656473831719949,0.10519459061050782,0.040995203777059785,0.10710915461870053,16
