model,trait,best_alpha,best_l1_ratio,cv_r2,train_r2,train_mse,test_r2,test_mse,num_selected
combined,feminine,0.1,0.9,0.21381530988936706,0.3540401701069663,0.537337533179465,0.31671011149778017,0.20130267182432043,31
combined,evil,0.1,0.3,0.13768280287709378,0.4055639979124427,0.0969322443318288,0.03623941655654339,0.09602888217502852,68
combined,trustworthy,0.1,0.3,0.026236598665144162,0.1921763921582903,0.07042173636676463,-0.006669099663374478,0.1354434856285919,35
combined,smart,0.05,0.7,0.029056345336830457,0.21497725495625453,0.09347617178819885,-0.004736111510568408,0.11221678550787953,33
