feature,coefficient,abs_importance
i,0.050479870015965156,0.050479870015965156
k,-0.01926978601562065,0.01926978601562065
e,0.0006862063349711457,0.0006862063349711457
b,-9.838258462291554e-05,9.838258462291554e-05
