unigram,coefficient,abs_importance
f,-0.018416459240481502,0.018416459240481502
e,0.01725431834633662,0.01725431834633662
j,0.007027666150156237,0.007027666150156237
z,-0.005115075935111616,0.005115075935111616
i,0.004658044695510401,0.004658044695510401
y,-0.004548780399025143,0.004548780399025143
b,-0.0027068957201156524,0.0027068957201156524
t,0.00241489702541266,0.00241489702541266
h,-0.0018847307047969392,0.0018847307047969392
