model,trait,best_alpha,best_l1_ratio,cv_r2,train_r2,train_mse,test_r2,test_mse,num_selected
unigram,feminine,0.2,0.1,0.014719886243013857,0.1473997268531273,0.7092300579073815,0.1317278969525194,0.25579991326538076,23
unigram,evil,0.05,0.1,0.06633650384045772,0.1768140199958811,0.13423356637901293,0.09856791602667403,0.08981848486828428,26
unigram,trustworthy,0.2,0.1,-0.012014018734873799,0.04182925282924277,0.083528194888836,-0.0012418986117133102,0.13471327643880954,9
unigram,smart,0.05,0.7,0.028068575720987664,0.06736614497223004,0.11105288731883546,0.046835194464445395,0.10645689879269156,4
