model,trait,best_alpha,best_l1_ratio,cv_r2,train_r2,train_mse,test_r2,test_mse,num_selected
unigram,feminine,0.1,0.1,0.008865803380759086,0.1663004361394309,0.6935076243546228,0.09691479291779648,0.2660561324405969,26
unigram,evil,0.05,0.1,0.06633650384045772,0.1768140199958811,0.13423356637901293,0.09856791602667403,0.08981848486828428,26
unigram,trustworthy,0.1,0.1,-0.012691827354246388,0.09676169835575399,0.07873947844220347,0.01809132133351865,0.13211206547615847,20
unigram,smart,0.05,0.7,0.028068575720987664,0.06736614497223004,0.11105288731883546,0.046835194464445395,0.10645689879269156,4
