model,trait,best_alpha,best_l1_ratio,cv_r2,train_r2,train_mse,test_r2,test_mse,num_selected
robbert,feminine,0.2,0.3,0.0642043395969742,0.3214335253642332,0.5644611610592678,0.03842172031855806,0.2832886599455058,60
robbert,evil,0.05,0.7,0.1102285719403207,0.26692880149399734,0.11953891802761958,0.04692977310883939,0.09496369751464163,32
robbert,trustworthy,0.1,0.3,0.011455577412955886,0.14534284146621312,0.07450443453000427,0.007563452620001132,0.13352855003426783,26
robbert,smart,0.2,0.1,0.003915466192795902,0.2509870468794926,0.08918832469443556,-0.007065081729058287,0.11247690311335665,72
