model,trait,best_alpha,best_l1_ratio,cv_r2,train_r2,train_mse,test_r2,test_mse,num_selected
robbert,feminine,0.5,0.1,0.06992203337249778,0.3380406023892891,0.5506466707628006,0.041376568777866995,0.2824181379317837,86
robbert,evil,0.05,0.7,0.1102285719403207,0.26692880149399734,0.11953891802761958,0.04692977310883939,0.09496369751464163,32
robbert,trustworthy,0.1,0.3,0.011455577412955886,0.14534284146621312,0.07450443453000427,0.007563452620001132,0.13352855003426783,26
robbert,smart,0.1,0.3,0.001120733476363278,0.1554639890898769,0.10056268271915571,0.02208804845889556,0.10922085356989353,32
