model,trait,best_alpha,best_l1_ratio,cv_r2,train_r2,train_mse,test_r2,test_mse,num_selected
combined,feminine,0.05,0.9,0.23992537236071856,0.5169421480411456,0.3477301063036071,0.3030358745885807,0.22007774135417196,93
combined,evil,0.1,0.3,0.1269686302533583,0.32549708005615674,0.09869100951751304,0.10986811008571151,0.10669884338391192,50
combined,trustworthy,0.05,0.7,0.012942227302618403,0.10928120165074873,0.08702469491998642,-1.5848832398246415e-05,0.12925292312299555,15
combined,smart,0.05,0.7,0.0221452876478482,0.14352764541736496,0.09849583638808554,0.06257553272516869,0.11679871465096568,27
