model,trait,best_alpha,best_l1_ratio,cv_r2,train_r2,train_mse,test_r2,test_mse,num_selected
combined,feminine,0.05,0.9,0.23992209617561172,0.5169433445848943,0.3477292449693316,0.30302069700799217,0.22008253392172797,93
combined,evil,0.1,0.3,0.1269691008954717,0.3254965511005109,0.0986910869125326,0.10986907065978213,0.10669872824126454,50
combined,trustworthy,0.05,0.7,0.012941875577144435,0.10928120491994531,0.08702469460058052,-1.5848768325055218e-05,0.129252923114714,15
combined,smart,0.05,0.7,0.02214399153285431,0.1435277605765528,0.09849582314457514,0.06257462973634098,0.11679882715916032,27
